PRAGMA foreign_keys=OFF;
BEGIN TRANSACTION;
CREATE TABLE SYSRUN(ID INTEGER PRIMARY KEY AUTOINCREMENT,RUNDATE DATE);
INSERT INTO "SYSRUN" VALUES(1,'2014-8-10');
INSERT INTO "SYSRUN" VALUES(2,'2014-8-10');
INSERT INTO "SYSRUN" VALUES(3,'2014-8-10');
INSERT INTO "SYSRUN" VALUES(4,'2014-8-10');
INSERT INTO "SYSRUN" VALUES(5,'2014-8-10');
INSERT INTO "SYSRUN" VALUES(6,'2014-8-10');
INSERT INTO "SYSRUN" VALUES(7,'2014-8-10');
INSERT INTO "SYSRUN" VALUES(8,'2014-8-10');
INSERT INTO "SYSRUN" VALUES(9,'2014-8-10');
INSERT INTO "SYSRUN" VALUES(10,'2014-8-10');
INSERT INTO "SYSRUN" VALUES(11,'2014-8-10');
INSERT INTO "SYSRUN" VALUES(12,'2014-8-10');
INSERT INTO "SYSRUN" VALUES(13,'2014-8-10');
INSERT INTO "SYSRUN" VALUES(14,'2014-8-10');
INSERT INTO "SYSRUN" VALUES(15,'2014-8-10');
INSERT INTO "SYSRUN" VALUES(16,'2014-8-10');
INSERT INTO "SYSRUN" VALUES(17,'2014-8-10');
INSERT INTO "SYSRUN" VALUES(18,'2014-8-11');
INSERT INTO "SYSRUN" VALUES(19,'2014-8-11');
INSERT INTO "SYSRUN" VALUES(20,'2014-8-12');
INSERT INTO "SYSRUN" VALUES(21,'2014-8-12');
INSERT INTO "SYSRUN" VALUES(22,'2014-8-12');
INSERT INTO "SYSRUN" VALUES(23,'2014-8-12');
INSERT INTO "SYSRUN" VALUES(24,'2014-8-15');
INSERT INTO "SYSRUN" VALUES(25,'2014-8-15');
INSERT INTO "SYSRUN" VALUES(26,'2014-8-15');
INSERT INTO "SYSRUN" VALUES(27,'2014-8-15');
INSERT INTO "SYSRUN" VALUES(28,'2014-8-15');
INSERT INTO "SYSRUN" VALUES(29,'2014-8-15');
INSERT INTO "SYSRUN" VALUES(30,'2014-8-15');
INSERT INTO "SYSRUN" VALUES(31,'2014-8-15');
INSERT INTO "SYSRUN" VALUES(32,'2014-8-15');
INSERT INTO "SYSRUN" VALUES(33,'2014-8-15');
INSERT INTO "SYSRUN" VALUES(34,'2014-8-15');
INSERT INTO "SYSRUN" VALUES(35,'2014-8-15');
INSERT INTO "SYSRUN" VALUES(36,'2014-8-15');
INSERT INTO "SYSRUN" VALUES(37,'2014-8-15');
INSERT INTO "SYSRUN" VALUES(38,'2014-8-15');
INSERT INTO "SYSRUN" VALUES(39,'2014-8-15');
INSERT INTO "SYSRUN" VALUES(40,'2014-8-16');
INSERT INTO "SYSRUN" VALUES(41,'2014-8-16');
INSERT INTO "SYSRUN" VALUES(42,'2014-8-16');
INSERT INTO "SYSRUN" VALUES(43,'2014-8-16');
INSERT INTO "SYSRUN" VALUES(44,'2014-8-16');
INSERT INTO "SYSRUN" VALUES(45,'2014-8-16');
INSERT INTO "SYSRUN" VALUES(46,'2014-8-16');
INSERT INTO "SYSRUN" VALUES(47,'2014-8-17');
INSERT INTO "SYSRUN" VALUES(48,'2014-8-17');
INSERT INTO "SYSRUN" VALUES(49,'2014-8-17');
INSERT INTO "SYSRUN" VALUES(50,'2014-8-17');
INSERT INTO "SYSRUN" VALUES(51,'2014-8-17');
INSERT INTO "SYSRUN" VALUES(52,'2014-8-17');
INSERT INTO "SYSRUN" VALUES(53,'2014-8-17');
INSERT INTO "SYSRUN" VALUES(54,'2014-8-17');
INSERT INTO "SYSRUN" VALUES(55,'2014-8-17');
INSERT INTO "SYSRUN" VALUES(56,'2014-8-17');
INSERT INTO "SYSRUN" VALUES(57,'2014-8-17');
INSERT INTO "SYSRUN" VALUES(58,'2014-8-17');
INSERT INTO "SYSRUN" VALUES(59,'2014-8-17');
INSERT INTO "SYSRUN" VALUES(60,'2014-8-17');
INSERT INTO "SYSRUN" VALUES(61,'2014-8-17');
INSERT INTO "SYSRUN" VALUES(62,'2014-8-17');
INSERT INTO "SYSRUN" VALUES(63,'2014-8-17');
INSERT INTO "SYSRUN" VALUES(64,'2014-8-17');
INSERT INTO "SYSRUN" VALUES(65,'2014-8-17');
INSERT INTO "SYSRUN" VALUES(66,'2014-8-17');
INSERT INTO "SYSRUN" VALUES(67,'2014-8-17');
INSERT INTO "SYSRUN" VALUES(68,'2014-8-17');
INSERT INTO "SYSRUN" VALUES(69,'2014-8-17');
INSERT INTO "SYSRUN" VALUES(70,'2014-8-17');
INSERT INTO "SYSRUN" VALUES(71,'2014-8-17');
INSERT INTO "SYSRUN" VALUES(72,'2014-8-17');
INSERT INTO "SYSRUN" VALUES(73,'2014-8-17');
INSERT INTO "SYSRUN" VALUES(74,'2014-8-17');
INSERT INTO "SYSRUN" VALUES(75,'2014-8-17');
INSERT INTO "SYSRUN" VALUES(76,'2014-8-17');
INSERT INTO "SYSRUN" VALUES(77,'2014-8-17');
INSERT INTO "SYSRUN" VALUES(78,'2014-8-17');
INSERT INTO "SYSRUN" VALUES(79,'2014-8-17');
INSERT INTO "SYSRUN" VALUES(80,'2014-8-17');
INSERT INTO "SYSRUN" VALUES(81,'2014-8-17');
INSERT INTO "SYSRUN" VALUES(82,'2014-8-17');
INSERT INTO "SYSRUN" VALUES(83,'2014-8-17');
INSERT INTO "SYSRUN" VALUES(84,'2014-8-17');
INSERT INTO "SYSRUN" VALUES(85,'2014-8-17');
INSERT INTO "SYSRUN" VALUES(86,'2014-8-17');
INSERT INTO "SYSRUN" VALUES(87,'2014-8-17');
INSERT INTO "SYSRUN" VALUES(88,'2014-8-17');
INSERT INTO "SYSRUN" VALUES(89,'2014-8-17');
INSERT INTO "SYSRUN" VALUES(90,'2014-8-17');
INSERT INTO "SYSRUN" VALUES(91,'2014-8-17');
INSERT INTO "SYSRUN" VALUES(92,'2014-8-17');
INSERT INTO "SYSRUN" VALUES(93,'2014-8-17');
INSERT INTO "SYSRUN" VALUES(94,'2014-8-17');
INSERT INTO "SYSRUN" VALUES(95,'2014-8-17');
INSERT INTO "SYSRUN" VALUES(96,'2014-8-17');
INSERT INTO "SYSRUN" VALUES(97,'2014-8-17');
INSERT INTO "SYSRUN" VALUES(98,'2014-8-17');
INSERT INTO "SYSRUN" VALUES(99,'2014-8-17');
INSERT INTO "SYSRUN" VALUES(100,'2014-8-17');
INSERT INTO "SYSRUN" VALUES(101,'2014-8-17');
INSERT INTO "SYSRUN" VALUES(102,'2014-8-17');
INSERT INTO "SYSRUN" VALUES(103,'2014-8-17');
INSERT INTO "SYSRUN" VALUES(104,'2014-8-17');
INSERT INTO "SYSRUN" VALUES(105,'2014-8-18');
INSERT INTO "SYSRUN" VALUES(106,'2014-8-18');
INSERT INTO "SYSRUN" VALUES(107,'2014-8-18');
INSERT INTO "SYSRUN" VALUES(108,'2014-8-18');
INSERT INTO "SYSRUN" VALUES(109,'2014-8-18');
INSERT INTO "SYSRUN" VALUES(110,'2014-8-18');
INSERT INTO "SYSRUN" VALUES(111,'2014-8-18');
INSERT INTO "SYSRUN" VALUES(112,'2014-8-18');
INSERT INTO "SYSRUN" VALUES(113,'2014-8-18');
INSERT INTO "SYSRUN" VALUES(114,'2014-8-18');
INSERT INTO "SYSRUN" VALUES(115,'2014-8-18');
INSERT INTO "SYSRUN" VALUES(116,'2014-8-18');
INSERT INTO "SYSRUN" VALUES(117,'2014-8-18');
INSERT INTO "SYSRUN" VALUES(118,'2014-8-18');
INSERT INTO "SYSRUN" VALUES(119,'2014-8-18');
INSERT INTO "SYSRUN" VALUES(120,'2014-8-18');
INSERT INTO "SYSRUN" VALUES(121,'2014-8-18');
INSERT INTO "SYSRUN" VALUES(122,'2014-8-18');
INSERT INTO "SYSRUN" VALUES(123,'2014-8-18');
INSERT INTO "SYSRUN" VALUES(124,'2014-8-18');
INSERT INTO "SYSRUN" VALUES(125,'2014-8-18');
INSERT INTO "SYSRUN" VALUES(126,'2014-8-18');
INSERT INTO "SYSRUN" VALUES(127,'2014-8-18');
INSERT INTO "SYSRUN" VALUES(128,'2014-8-18');
INSERT INTO "SYSRUN" VALUES(129,'2014-8-18');
INSERT INTO "SYSRUN" VALUES(130,'2014-8-18');
INSERT INTO "SYSRUN" VALUES(131,'2014-8-18');
INSERT INTO "SYSRUN" VALUES(132,'2014-8-18');
INSERT INTO "SYSRUN" VALUES(133,'2014-8-18');
INSERT INTO "SYSRUN" VALUES(134,'2014-8-18');
INSERT INTO "SYSRUN" VALUES(135,'2014-8-18');
INSERT INTO "SYSRUN" VALUES(136,'2014-8-18');
INSERT INTO "SYSRUN" VALUES(137,'2014-8-18');
INSERT INTO "SYSRUN" VALUES(138,'2014-8-18');
INSERT INTO "SYSRUN" VALUES(139,'2014-8-18');
INSERT INTO "SYSRUN" VALUES(140,'2014-8-18');
INSERT INTO "SYSRUN" VALUES(141,'2014-8-18');
INSERT INTO "SYSRUN" VALUES(142,'2014-8-18');
INSERT INTO "SYSRUN" VALUES(143,'2014-8-19');
INSERT INTO "SYSRUN" VALUES(144,'2014-8-19');
INSERT INTO "SYSRUN" VALUES(145,'2014-8-19');
INSERT INTO "SYSRUN" VALUES(146,'2014-8-19');
INSERT INTO "SYSRUN" VALUES(147,'2014-8-19');
INSERT INTO "SYSRUN" VALUES(148,'2014-8-19');
INSERT INTO "SYSRUN" VALUES(149,'2014-8-19');
INSERT INTO "SYSRUN" VALUES(150,'2014-8-19');
INSERT INTO "SYSRUN" VALUES(151,'2014-8-19');
INSERT INTO "SYSRUN" VALUES(152,'2014-8-19');
INSERT INTO "SYSRUN" VALUES(153,'2014-8-19');
INSERT INTO "SYSRUN" VALUES(154,'2014-8-19');
INSERT INTO "SYSRUN" VALUES(155,'2014-8-19');
INSERT INTO "SYSRUN" VALUES(156,'2014-8-19');
INSERT INTO "SYSRUN" VALUES(157,'2014-8-19');
INSERT INTO "SYSRUN" VALUES(158,'2014-8-19');
INSERT INTO "SYSRUN" VALUES(159,'2014-8-19');
INSERT INTO "SYSRUN" VALUES(160,'2014-8-19');
INSERT INTO "SYSRUN" VALUES(161,'2014-8-19');
INSERT INTO "SYSRUN" VALUES(162,'2014-8-19');
INSERT INTO "SYSRUN" VALUES(163,'2014-8-19');
INSERT INTO "SYSRUN" VALUES(164,'2014-8-19');
INSERT INTO "SYSRUN" VALUES(165,'2014-8-19');
INSERT INTO "SYSRUN" VALUES(166,'2014-8-19');
INSERT INTO "SYSRUN" VALUES(167,'2014-8-19');
INSERT INTO "SYSRUN" VALUES(168,'2014-8-19');
INSERT INTO "SYSRUN" VALUES(169,'2014-8-19');
INSERT INTO "SYSRUN" VALUES(170,'2014-8-19');
INSERT INTO "SYSRUN" VALUES(171,'2014-8-21');
INSERT INTO "SYSRUN" VALUES(172,'2014-8-21');
INSERT INTO "SYSRUN" VALUES(173,'2014-8-21');
INSERT INTO "SYSRUN" VALUES(174,'2014-8-21');
INSERT INTO "SYSRUN" VALUES(175,'2014-8-21');
INSERT INTO "SYSRUN" VALUES(176,'2014-8-21');
INSERT INTO "SYSRUN" VALUES(177,'2014-8-21');
INSERT INTO "SYSRUN" VALUES(178,'2014-8-22');
INSERT INTO "SYSRUN" VALUES(179,'2014-8-22');
INSERT INTO "SYSRUN" VALUES(180,'2014-8-22');
INSERT INTO "SYSRUN" VALUES(181,'2014-8-22');
INSERT INTO "SYSRUN" VALUES(182,'2014-8-22');
INSERT INTO "SYSRUN" VALUES(183,'2014-8-22');
INSERT INTO "SYSRUN" VALUES(184,'2014-8-22');
INSERT INTO "SYSRUN" VALUES(185,'2014-8-22');
INSERT INTO "SYSRUN" VALUES(186,'2014-8-22');
INSERT INTO "SYSRUN" VALUES(187,'2014-8-22');
INSERT INTO "SYSRUN" VALUES(188,'2014-8-22');
INSERT INTO "SYSRUN" VALUES(189,'2014-8-22');
INSERT INTO "SYSRUN" VALUES(190,'2014-8-22');
INSERT INTO "SYSRUN" VALUES(191,'2014-8-22');
INSERT INTO "SYSRUN" VALUES(192,'2014-8-22');
INSERT INTO "SYSRUN" VALUES(193,'2014-8-22');
INSERT INTO "SYSRUN" VALUES(194,'2014-8-22');
INSERT INTO "SYSRUN" VALUES(195,'2014-8-22');
INSERT INTO "SYSRUN" VALUES(196,'2014-8-22');
INSERT INTO "SYSRUN" VALUES(197,'2014-8-22');
INSERT INTO "SYSRUN" VALUES(198,'2014-8-22');
INSERT INTO "SYSRUN" VALUES(199,'2014-8-22');
INSERT INTO "SYSRUN" VALUES(200,'2014-8-22');
INSERT INTO "SYSRUN" VALUES(201,'2014-8-22');
INSERT INTO "SYSRUN" VALUES(202,'2014-8-22');
INSERT INTO "SYSRUN" VALUES(203,'2014-8-22');
INSERT INTO "SYSRUN" VALUES(204,'2014-8-22');
INSERT INTO "SYSRUN" VALUES(205,'2014-8-22');
INSERT INTO "SYSRUN" VALUES(206,'2014-8-22');
INSERT INTO "SYSRUN" VALUES(207,'2014-8-22');
INSERT INTO "SYSRUN" VALUES(208,'2014-8-22');
INSERT INTO "SYSRUN" VALUES(209,'2014-8-22');
INSERT INTO "SYSRUN" VALUES(210,'2014-8-22');
INSERT INTO "SYSRUN" VALUES(211,'2014-8-22');
INSERT INTO "SYSRUN" VALUES(212,'2014-8-23');
INSERT INTO "SYSRUN" VALUES(213,'2014-8-23');
INSERT INTO "SYSRUN" VALUES(214,'2014-8-23');
INSERT INTO "SYSRUN" VALUES(215,'2014-8-23');
INSERT INTO "SYSRUN" VALUES(216,'2014-8-23');
INSERT INTO "SYSRUN" VALUES(217,'2014-8-23');
INSERT INTO "SYSRUN" VALUES(218,'2014-8-23');
INSERT INTO "SYSRUN" VALUES(219,'2014-8-23');
INSERT INTO "SYSRUN" VALUES(220,'2014-8-23');
INSERT INTO "SYSRUN" VALUES(221,'2014-8-23');
INSERT INTO "SYSRUN" VALUES(222,'2014-8-23');
INSERT INTO "SYSRUN" VALUES(223,'2014-8-23');
INSERT INTO "SYSRUN" VALUES(224,'2014-8-23');
INSERT INTO "SYSRUN" VALUES(225,'2014-8-23');
INSERT INTO "SYSRUN" VALUES(226,'2014-8-23');
INSERT INTO "SYSRUN" VALUES(227,'2014-8-23');
INSERT INTO "SYSRUN" VALUES(228,'2014-8-23');
INSERT INTO "SYSRUN" VALUES(229,'2014-8-23');
INSERT INTO "SYSRUN" VALUES(230,'2014-8-23');
INSERT INTO "SYSRUN" VALUES(231,'2014-8-23');
INSERT INTO "SYSRUN" VALUES(232,'2014-8-23');
INSERT INTO "SYSRUN" VALUES(233,'2014-8-23');
INSERT INTO "SYSRUN" VALUES(234,'2014-8-23');
INSERT INTO "SYSRUN" VALUES(235,'2014-8-23');
INSERT INTO "SYSRUN" VALUES(236,'2014-8-23');
INSERT INTO "SYSRUN" VALUES(237,'2014-8-23');
INSERT INTO "SYSRUN" VALUES(238,'2014-8-23');
INSERT INTO "SYSRUN" VALUES(239,'2014-8-23');
INSERT INTO "SYSRUN" VALUES(240,'2014-8-23');
INSERT INTO "SYSRUN" VALUES(241,'2014-8-23');
INSERT INTO "SYSRUN" VALUES(242,'2014-8-23');
INSERT INTO "SYSRUN" VALUES(243,'2014-8-23');
INSERT INTO "SYSRUN" VALUES(244,'2014-8-23');
INSERT INTO "SYSRUN" VALUES(245,'2014-8-23');
INSERT INTO "SYSRUN" VALUES(246,'2014-8-23');
INSERT INTO "SYSRUN" VALUES(247,'2014-8-23');
INSERT INTO "SYSRUN" VALUES(248,'2014-8-23');
INSERT INTO "SYSRUN" VALUES(249,'2014-8-23');
INSERT INTO "SYSRUN" VALUES(250,'2014-8-23');
INSERT INTO "SYSRUN" VALUES(251,'2014-8-23');
INSERT INTO "SYSRUN" VALUES(252,'2014-8-23');
INSERT INTO "SYSRUN" VALUES(253,'2014-8-23');
INSERT INTO "SYSRUN" VALUES(254,'2014-8-23');
INSERT INTO "SYSRUN" VALUES(255,'2014-8-23');
INSERT INTO "SYSRUN" VALUES(256,'2014-8-23');
INSERT INTO "SYSRUN" VALUES(257,'2014-8-23');
INSERT INTO "SYSRUN" VALUES(258,'2014-8-23');
INSERT INTO "SYSRUN" VALUES(259,'2014-8-23');
INSERT INTO "SYSRUN" VALUES(260,'2014-8-23');
INSERT INTO "SYSRUN" VALUES(261,'2014-8-23');
INSERT INTO "SYSRUN" VALUES(262,'2014-8-23');
INSERT INTO "SYSRUN" VALUES(263,'2014-8-23');
INSERT INTO "SYSRUN" VALUES(264,'2014-8-23');
INSERT INTO "SYSRUN" VALUES(265,'2014-8-23');
INSERT INTO "SYSRUN" VALUES(266,'2014-8-23');
INSERT INTO "SYSRUN" VALUES(267,'2014-8-23');
INSERT INTO "SYSRUN" VALUES(268,'2014-8-23');
INSERT INTO "SYSRUN" VALUES(269,'2014-8-23');
INSERT INTO "SYSRUN" VALUES(270,'2014-8-23');
INSERT INTO "SYSRUN" VALUES(271,'2014-8-23');
INSERT INTO "SYSRUN" VALUES(272,'2014-8-23');
INSERT INTO "SYSRUN" VALUES(273,'2014-8-23');
INSERT INTO "SYSRUN" VALUES(274,'2014-8-23');
INSERT INTO "SYSRUN" VALUES(275,'2014-8-23');
INSERT INTO "SYSRUN" VALUES(276,'2014-8-23');
INSERT INTO "SYSRUN" VALUES(277,'2014-8-23');
INSERT INTO "SYSRUN" VALUES(278,'2014-8-23');
INSERT INTO "SYSRUN" VALUES(279,'2014-8-23');
INSERT INTO "SYSRUN" VALUES(280,'2014-8-23');
INSERT INTO "SYSRUN" VALUES(281,'2014-8-23');
INSERT INTO "SYSRUN" VALUES(282,'2014-8-23');
INSERT INTO "SYSRUN" VALUES(283,'2014-8-23');
INSERT INTO "SYSRUN" VALUES(284,'2014-8-31');
INSERT INTO "SYSRUN" VALUES(285,'2014-8-31');
INSERT INTO "SYSRUN" VALUES(286,'2014-8-31');
INSERT INTO "SYSRUN" VALUES(287,'2014-8-31');
INSERT INTO "SYSRUN" VALUES(288,'2014-8-31');
INSERT INTO "SYSRUN" VALUES(289,'2014-8-31');
INSERT INTO "SYSRUN" VALUES(290,'2014-8-31');
INSERT INTO "SYSRUN" VALUES(291,'2014-8-31');
INSERT INTO "SYSRUN" VALUES(292,'2014-9-1');
INSERT INTO "SYSRUN" VALUES(293,'2014-9-2');
INSERT INTO "SYSRUN" VALUES(294,'2014-9-2');
INSERT INTO "SYSRUN" VALUES(295,'2014-9-2');
INSERT INTO "SYSRUN" VALUES(296,'2014-9-2');
INSERT INTO "SYSRUN" VALUES(297,'2014-9-2');
INSERT INTO "SYSRUN" VALUES(298,'2014-9-2');
INSERT INTO "SYSRUN" VALUES(299,'2014-9-2');
INSERT INTO "SYSRUN" VALUES(300,'2014-9-2');
INSERT INTO "SYSRUN" VALUES(301,'2014-9-2');
INSERT INTO "SYSRUN" VALUES(302,'2014-9-2');
INSERT INTO "SYSRUN" VALUES(303,'2014-9-2');
INSERT INTO "SYSRUN" VALUES(304,'2014-9-2');
INSERT INTO "SYSRUN" VALUES(305,'2014-9-2');
INSERT INTO "SYSRUN" VALUES(306,'2014-9-2');
INSERT INTO "SYSRUN" VALUES(307,'2014-9-2');
INSERT INTO "SYSRUN" VALUES(308,'2014-9-2');
INSERT INTO "SYSRUN" VALUES(309,'2014-9-2');
INSERT INTO "SYSRUN" VALUES(310,'2014-9-2');
INSERT INTO "SYSRUN" VALUES(311,'2014-9-2');
INSERT INTO "SYSRUN" VALUES(312,'2014-9-2');
INSERT INTO "SYSRUN" VALUES(313,'2014-9-2');
INSERT INTO "SYSRUN" VALUES(314,'2014-9-2');
INSERT INTO "SYSRUN" VALUES(315,'2014-9-2');
INSERT INTO "SYSRUN" VALUES(316,'2014-9-2');
INSERT INTO "SYSRUN" VALUES(317,'2014-9-2');
CREATE TABLE USER (ID INTEGER PRIMARY KEY AUTOINCREMENT,USERNAME TEXT COLLATE NOCASE UNIQUE);
INSERT INTO "USER" VALUES(1,'Ejilayomi');
INSERT INTO "USER" VALUES(2,'Mimiko');
INSERT INTO "USER" VALUES(3,'Bird');
INSERT INTO "USER" VALUES(4,'Bobo');
CREATE TABLE QUESTION (ID TEXT COLLATE NOCASE PRIMARY KEY NOT NULL,WORDING TEXT,CREATORID INTEGER,DATECREATED DATE,DATEMODIFIED DATE,FOREIGN KEY (CREATORID) REFERENCES USER(ID) ON UPDATE CASCADE ON DELETE SET NULL);
INSERT INTO "QUESTION" VALUES('CMPT365_1','What is the meaning of JPEG',1,'2014-8-13','2014-8-13');
INSERT INTO "QUESTION" VALUES('CMPT365_2','What is the meaning of GIF',1,'2014-8-13','2014-8-13');
INSERT INTO "QUESTION" VALUES('CMPT365_3','CMYK is best represented by',1,'2014-8-21','2014-8-21');
INSERT INTO "QUESTION" VALUES('CMPT300_1','Semaphores which allow arbitrary resource count are called',2,'2014-8-21','2014-8-21');
INSERT INTO "QUESTION" VALUES('CMPT361_1','RGB is of what color model',3,'2014-8-22','2014-8-22');
INSERT INTO "QUESTION" VALUES('CMPT300_2','Most Computers have two modes of operation which are',1,'2014-11-12','2014-11-12');
CREATE TABLE SUBJECT(ID TEXT COLLATE NOCASE PRIMARY KEY,DESCRIPTION TEXT COLLATE NOCASE,CREATORID INTEGER,FOREIGN KEY (CREATORID) REFERENCES USER(ID) ON UPDATE CASCADE ON DELETE SET NULL);
INSERT INTO "SUBJECT" VALUES('CMPT365','COMPUTER MULTIMEDIA','NULL');
INSERT INTO "SUBJECT" VALUES('CMPT454','FORMAL VERIFICATION',1);
INSERT INTO "SUBJECT" VALUES('CMPT361','GRAPHICS',1);
INSERT INTO "SUBJECT" VALUES('CMPT300','OPERATING SYSTEMS',3);
CREATE TABLE TEST(ID TEXT COLLATE NOCASE PRIMARY KEY,DATECREATED DATE,SUBJECTID TEXT,CREATORID INTEGER,FOREIGN KEY (SUBJECTID) REFERENCES SUBJECT(ID) ON UPDATE CASCADE ON DELETE CASCADE,FOREIGN KEY (CREATORID) REFERENCES USER(ID) ON UPDATE CASCADE ON DELETE SET NULL);
CREATE TABLE POTWORD(ID INTEGER PRIMARY KEY,WORD TEXT COLLATE NOCASE UNIQUE);
INSERT INTO "POTWORD" VALUES(1,'True');
INSERT INTO "POTWORD" VALUES(2,'False');
INSERT INTO "POTWORD" VALUES(3,'Joint Photographic Experts Group');
INSERT INTO "POTWORD" VALUES(4,'Graphics Interchange Format');
INSERT INTO "POTWORD" VALUES(5,'Portable Network Graphics');
INSERT INTO "POTWORD" VALUES(6,'Bitmap File Format');
INSERT INTO "POTWORD" VALUES(7,'cyan, magenta, yellow, key');
INSERT INTO "POTWORD" VALUES(8,'Cyan, Magenta, Yellow, Kiln');
INSERT INTO "POTWORD" VALUES(9,'Cyan, Magenta, Yellow, KSchwartz');
INSERT INTO "POTWORD" VALUES(10,'Cyan, Magenta, Yellow, Kit');
INSERT INTO "POTWORD" VALUES(11,'counting semaphores');
INSERT INTO "POTWORD" VALUES(12,'additive');
INSERT INTO "POTWORD" VALUES(13,'subtractive');
INSERT INTO "POTWORD" VALUES(14,'munsell color system');
INSERT INTO "POTWORD" VALUES(15,'natural color system');
INSERT INTO "POTWORD" VALUES(16,'kernel mode and user mode');
INSERT INTO "POTWORD" VALUES(17,'user mode and main mode');
INSERT INTO "POTWORD" VALUES(18,'kernel mode and main mode');
INSERT INTO "POTWORD" VALUES(19,'main mode and switch mode');
CREATE TABLE USERSTATS(USERID INTEGER,TESTID TEXT COLLATE NOCASE,SUBJECTID TEXT COLLATE NOCASE,SCORE REAL,TOTALQUESTIONNUM INTEGER,PRIMARY KEY (USERID, TESTID, SUBJECTID),FOREIGN KEY (USERID) REFERENCES USER(ID) ON UPDATE CASCADE ON DELETE CASCADE,FOREIGN KEY (TESTID) REFERENCES TEST(ID) ON UPDATE CASCADE ON DELETE CASCADE,FOREIGN KEY (SUBJECTID) REFERENCES SUBJECT(ID) ON UPDATE CASCADE ON DELETE CASCADE);
CREATE TABLE QUESTIONIMAGE(QUESTIONID TEXT COLLATE NOCASE,IMAGEPATH TEXT,FOREIGN KEY (QUESTIONID) REFERENCES QUESTION(ID) ON UPDATE CASCADE ON DELETE CASCADE);
INSERT INTO "QUESTIONIMAGE" VALUES('CMPT300_1','C:\Users\Eji\Documents\securedownload.png');
INSERT INTO "QUESTIONIMAGE" VALUES('CMPT300_1','C:\Users\Eji\Desktop\eds.jpg');
CREATE TABLE QUESTIONDETAILS(QUESTIONID TEXT COLLATE NOCASE PRIMARY KEY,TYPE INTEGER,DECOYS INTEGER,POT INTEGER,IMAGES INTEGER,FOREIGN KEY (QUESTIONID) REFERENCES QUESTION(ID) ON UPDATE CASCADE ON DELETE CASCADE);
INSERT INTO "QUESTIONDETAILS" VALUES('CMPT365_1',1,1,0,0);
INSERT INTO "QUESTIONDETAILS" VALUES('CMPT365_2',1,1,0,0);
INSERT INTO "QUESTIONDETAILS" VALUES('CMPT365_3',1,1,0,1);
INSERT INTO "QUESTIONDETAILS" VALUES('CMPT300_1',1,0,0,1);
INSERT INTO "QUESTIONDETAILS" VALUES('CMPT361_1',1,1,0,0);
INSERT INTO "QUESTIONDETAILS" VALUES('CMPT300_2',1,1,0,0);
CREATE TABLE SUBJECTPOT(SUBJECTID TEXT COLLATE NOCASE,WORDID INTEGER,PRIMARY KEY (SUBJECTID, WORDID),FOREIGN KEY (SUBJECTID) REFERENCES SUBJECT(ID) ON UPDATE CASCADE ON DELETE CASCADE,FOREIGN KEY (WORDID) REFERENCES POT(ID) ON UPDATE CASCADE ON DELETE CASCADE);
INSERT INTO "SUBJECTPOT" VALUES('cmpt365',3);
INSERT INTO "SUBJECTPOT" VALUES('cmpt365',4);
INSERT INTO "SUBJECTPOT" VALUES('CMPT365',5);
INSERT INTO "SUBJECTPOT" VALUES('CMPT365',6);
CREATE TABLE TESTQUESTIONS(TESTID TEXT COLLATE NOCASE,QUESTIONID TEXT COLLATE NOCASE,PRIMARY KEY (TESTID,QUESTIONID),FOREIGN KEY (TESTID) REFERENCES TEST(ID) ON UPDATE CASCADE ON DELETE CASCADE,FOREIGN KEY (QUESTIONID) REFERENCES QUESTION(ID) ON UPDATE CASCADE ON DELETE CASCADE);
CREATE TABLE TESTOPTIONDATES(TESTID TEXT COLLATE NOCASE PRIMARY KEY,BETWEENDATE DATE,ANDDATE DATE,FOREIGN KEY (TESTID) REFERENCES TEST(ID) ON UPDATE CASCADE ON DELETE CASCADE);
CREATE TABLE TESTOPTIONAUTHORS(TESTID TEXT COLLATE NOCASE PRIMARY KEY,AUTHORID INTEGER, FOREIGN KEY (TESTID) REFERENCES TEST(ID) ON UPDATE CASCADE ON DELETE CASCADE,FOREIGN KEY (AUTHORID) REFERENCES USER(ID) ON UPDATE CASCADE ON DELETE CASCADE);
CREATE TABLE TESTOPTIONTYPES(TESTID TEXT COLLATE NOCASE,TYPE INTEGER,PRIMARY KEY (TESTID,TYPE),FOREIGN KEY (TESTID) REFERENCES TEST(ID) ON UPDATE CASCADE ON DELETE CASCADE);
CREATE TABLE QUESTIONANSWER(QUESTIONID TEXT COLLATE NOCASE PRIMARY KEY,ANSWERID INTEGER,FOREIGN KEY (QUESTIONID) REFERENCES QUESTION(ID) ON UPDATE CASCADE ON DELETE CASCADE, FOREIGN KEY (ANSWERID) REFERENCES POTWORD(ID) ON UPDATE CASCADE ON DELETE RESTRICT);
INSERT INTO "QUESTIONANSWER" VALUES('CMPT365_1',3);
INSERT INTO "QUESTIONANSWER" VALUES('CMPT365_2',4);
INSERT INTO "QUESTIONANSWER" VALUES('CMPT365_3',7);
INSERT INTO "QUESTIONANSWER" VALUES('CMPT300_1',11);
INSERT INTO "QUESTIONANSWER" VALUES('CMPT361_1',12);
INSERT INTO "QUESTIONANSWER" VALUES('CMPT300_2',16);
CREATE TABLE QUESTIONSUBJECT(SUBJECTID TEXT COLLATE NOCASE,QUESTIONID TEXT COLLATE NOCASE UNIQUE,PRIMARY KEY (SUBJECTID,QUESTIONID),FOREIGN KEY (SUBJECTID) REFERENCES SUBJECT(ID) ON UPDATE CASCADE ON DELETE CASCADE,FOREIGN KEY (QUESTIONID) REFERENCES QUESTION(ID) ON UPDATE CASCADE ON DELETE CASCADE);
INSERT INTO "QUESTIONSUBJECT" VALUES('cmpt365','CMPT365_1');
INSERT INTO "QUESTIONSUBJECT" VALUES('cmpt365','CMPT365_2');
INSERT INTO "QUESTIONSUBJECT" VALUES('CMPT365','CMPT365_3');
INSERT INTO "QUESTIONSUBJECT" VALUES('CMPT300','CMPT300_1');
INSERT INTO "QUESTIONSUBJECT" VALUES('CMPT361','CMPT361_1');
INSERT INTO "QUESTIONSUBJECT" VALUES('CMPT300','CMPT300_2');
CREATE TABLE QUESTIONDECOYS(
			 QUESTIONID TEXT COLLATE NOCASE,
			 DECOYID INTEGER,
			 PRIMARY KEY (QUESTIONID,DECOYID),
			 FOREIGN KEY (DECOYID) REFERENCES POTWORD(ID) 
			 	ON UPDATE CASCADE 
			 	ON DELETE CASCADE,
			 FOREIGN KEY (QUESTIONID) REFERENCES QUESTION(ID) 
			 	ON UPDATE CASCADE 
			 	ON DELETE CASCADE);
INSERT INTO "QUESTIONDECOYS" VALUES('CMPT365_1',4);
INSERT INTO "QUESTIONDECOYS" VALUES('CMPT365_1',5);
INSERT INTO "QUESTIONDECOYS" VALUES('CMPT365_1',6);
INSERT INTO "QUESTIONDECOYS" VALUES('CMPT365_2',3);
INSERT INTO "QUESTIONDECOYS" VALUES('CMPT365_2',5);
INSERT INTO "QUESTIONDECOYS" VALUES('CMPT365_2',6);
INSERT INTO "QUESTIONDECOYS" VALUES('CMPT365_3',8);
INSERT INTO "QUESTIONDECOYS" VALUES('CMPT365_3',9);
INSERT INTO "QUESTIONDECOYS" VALUES('CMPT365_3',10);
INSERT INTO "QUESTIONDECOYS" VALUES('CMPT361_1',13);
INSERT INTO "QUESTIONDECOYS" VALUES('CMPT361_1',14);
INSERT INTO "QUESTIONDECOYS" VALUES('CMPT361_1',15);
INSERT INTO "QUESTIONDECOYS" VALUES('CMPT300_2',17);
INSERT INTO "QUESTIONDECOYS" VALUES('CMPT300_2',18);
INSERT INTO "QUESTIONDECOYS" VALUES('CMPT300_2',19);
DELETE FROM sqlite_sequence;
INSERT INTO "sqlite_sequence" VALUES('SYSRUN',317);
INSERT INTO "sqlite_sequence" VALUES('USER',9);
COMMIT;
